"id","salesforce","featured","page_title","meta_description","meta_keywords","image","paragraph","paragraph2","paragraph3","paragraph4","paragraph5","paragraph6","paragraph7","paragraph8","paragraph9","paragraph10"
"1","administration-jobs",,"Administration Jobs | Admin Jobs | JobContax","JobContax Recruitment - Administration Jobs in Ireland and worldwide. To Apply for Administration Jobs visit our website or call +353-1-7978720","Administration Jobs, Admin Jobs",,"JobContax is a technical recruitment agency which specialises in Administration Jobs.
<br> 
JobContax recruits for companies in Ireland, UK, Europe, UAE, Qatar, Saudi Arabia, Canada, Australia, China, Africa and India.
<br> 
If none of our current jobs match your experience, email your CV/Resume to cv@jobcontax.com, and we will contact you when relevant jobs open.
",,,,,,,,,
"2","analytical-chemist-jobs",,"Analytical Chemist Jobs | Chemist Jobs | JobContax"," JobContax Recruitment - Analytical Chemist Jobs in Ireland and worldwide. To Apply for Analytical Chemist Jobs visit our website or call +353-1-7978721","Analytical Chemist Jobs, Chemist Jobs",,"JobContax is a technical recruitment agency which specialises in Analytical Chemist Jobs.<br> JobContax recruits for leading global multinationals, EPCm consultancies and startups, in Ireland, UK, Europe, Canada, Australia, China and India.<br> Clients include: Amgen, Coca Cola, Diageo, Genzyme, GSK, Intel, Jacobs Engineering, J&J, Novartis, Pfizer and many more.<br> If none of our current jobs match your experience, email your CV/Resume to cv@jobcontax.com, and we will contact you when relevalant jobs open.",,,,,,,,,
"3","architect-architecture-jobs",,"Architect Jobs | Architecture Jobs | JobContax"," JobContax Recruitment - Architect Jobs in Ireland and worldwide. To Apply for Architect Jobs visit our website or call +353-1-7978722","Architect Jobs, Architecture Jobs",,"JobContax is a technical recruitment agency which specialises in Architect - Architecture Jobs.<br> JobContax recruits for leading EPCm's, engineering companies, contractors, developers and consulting engineers in Ireland, UK, Europe, UAE, Qatar, Saudi Arabia, Egypt, Canada, Australia, China and India.<br> Clients include Amec, BHP Billiton, Carillion, Emaar, Habtoor Leighton, Intel, Jacobs Engineering, Shell and many more.<br> If none of our current jobs match your experience, email your CV/Resume to cv@jobcontax.com, and we will contact you when relevalant jobs open.",,,,,,,,,
"4","automation-engineer-jobs",,"Automation Engineer Jobs | Automation Jobs | JobContax"," JobContax Recruitment - Automation Engineer Jobs in Ireland and worldwide. To Apply for Automation Engineer Jobs visit our website or call +353-1-7978723","Automation Engineer Jobs, Automation Jobs",,"JobContax is a technical recruitment agency which specialises in Automation Engineer Jobs.<br> JobContax recruits for leading global multinationals, EPCm consultancies and startups, in Ireland, UK, Europe, Canada, Australia, China and India.<br> Clients include: Amgen, Coca Cola, Diageo, Genzyme, GSK, Intel, Jacobs Engineering, J&J, Novartis, Pfizer and many more.<br> If none of our current jobs match your experience, email your CV/Resume to cv@jobcontax.com, and we will contact you when relevalant jobs open.",,,,,,,,,
"5","biochemist-jobs",,"Biochemist Jobs | Biochemistry Jobs | JobContax"," JobContax Recruitment - Biochemist Jobs in Ireland and worldwide. To Apply for Biochemist Jobs visit our website or call +353-1-7978724","Biochemist Jobs, Biochemistry Jobs",,"JobContax is a technical recruitment agency which specialises in Biochemist Jobs.<br> JobContax recruits for leading global multinationals, EPCm consultancies and startups, in Ireland, UK, Europe, Canada, Australia, China and India.<br> Clients include: Amgen, Coca Cola, Diageo, Genzyme, GSK, Intel, Jacobs Engineering, J&J, Novartis, Pfizer and many more.<br> If none of our current jobs match your experience, email your CV/Resume to cv@jobcontax.com, and we will contact you when relevalant jobs open.",,,,,,,,,
"6","biostatistician-jobs",,"Biostatistician Jobs | Biostatistics Jobs | JobContax"," JobContax Recruitment - Biostatistician Jobs in Ireland and worldwide. To Apply for Biostatistician Jobs visit our website or call +353-1-7978725","Biostatistician Jobs, Biostatistics Jobs",,"JobContax is a technical recruitment agency which specialises in Biostatistician Jobs.<br> JobContax recruits for leading global multinationals, EPCm consultancies and startups, in Ireland, UK, Europe, Canada, Australia, China and India.<br> Clients include: Amgen, Coca Cola, Diageo, Genzyme, GSK, Intel, Jacobs Engineering, J&J, Novartis, Pfizer and many more.<br> If none of our current jobs match your experience, email your CV/Resume to cv@jobcontax.com, and we will contact you when relevalant jobs open.",,,,,,,,,
"7","biotech-engineer-jobs",,"Biotech Engineer Jobs | BioEngineer Jobs | JobContax"," JobContax Recruitment - Biotech Engineer Jobs in Ireland and worldwide. To Apply for Biotech Engineer Jobs visit our website or call +353-1-7978726","Biotech Engineer Jobs, BioEngineer Jobs",,"JobContax is a technical recruitment agency which specialises in Biotech Engineer Jobs.<br> JobContax recruits for leading global multinationals, EPCm consultancies and startups, in Ireland, UK, Europe, Canada, Australia, China and India.<br> Clients include: Amgen, Coca Cola, Diageo, Genzyme, GSK, Intel, Jacobs Engineering, J&J, Novartis, Pfizer and many more.<br> If none of our current jobs match your experience, email your CV/Resume to cv@jobcontax.com, and we will contact you when relevalant jobs open.",,,,,,,,,
"8","biotechnology-jobs",,"Biotechnology Jobs | Biotech Jobs | BioPharma | JobContax"," JobContax Recruitment - Biotechnology Jobs in Ireland and worldwide. To Apply for Biotechnology Jobs visit our website or call +353-1-7978727","Biotechnology Jobs, Biotech Jobs, BioPharma",,"JobContax is a technical recruitment agency which specialises in Biotechnology Jobs.<br> JobContax recruits for leading EPCm's, engineering companies, contractors, developers and consulting engineers in Ireland, UK, Europe, UAE, Qatar, Saudi Arabia, Egypt, Canada, Australia, China and India.<br> Clients include: Amgen, Coca Cola, Diageo, Genzyme, GSK, Intel, Jacobs Engineering, J&J, Novartis, Pfizer and many more.<br> If none of our current jobs match your experience, email your CV/Resume to cv@jobcontax.com, and we will contact you when relevalant jobs open.",,,,,,,,,
"9","bms-jobs",,"BMS Jobs | Building Management Systems Jobs | JobContax"," JobContax Recruitment - BMS Jobs in Ireland and worldwide. To Apply for BMS Jobs visit our website or call +353-1-7978728","BMS Jobs, Building Management Systems Jobs",,"JobContax is a technical recruitment agency which specialises in BMS Jobs.<br> JobContax recruits for leading EPCm's, engineering companies, contractors, developers and consulting engineers in Ireland, UK, Europe, UAE, Qatar, Saudi Arabia, Egypt, Canada, Australia, China and India.<br> Clients include: Amgen, Coca Cola, Diageo, Genzyme, GSK, Intel, Jacobs Engineering, J&J, Novartis, Pfizer and many more.<br> If none of our current jobs match your experience, email your CV/Resume to cv@jobcontax.com, and we will contact you when relevalant jobs open.",,,,,,,,,
"10","building-services-engineer-jobs",,"Building Services Engineer Jobs | Building Services Jobs | JobContax"," JobContax Recruitment - Building Services Engineer Jobs in Ireland and worldwide. To Apply for Building Services Engineer Jobs visit our website or call +353-1-7978729","Building Services Engineer Jobs, Building Services Jobs",,"JobContax is a technical recruitment agency which specialises in Building Services Engineer Jobs.<br> JobContax recruits for leading EPCm's, engineering companies, contractors, developers and consulting engineers in Ireland, UK, Europe, UAE, Qatar, Saudi Arabia, Egypt, Canada, Australia, China and India.<br> Clients include Amec, BHP Billiton, Carillion, Emaar, Habtoor Leighton, Intel, Jacobs Engineering, Shell and many more.<br> If none of our current jobs match your experience, email your CV/Resume to cv@jobcontax.com, and we will contact you when relevalant jobs open.",,,,,,,,,
"11","business-analytics-jobs",,"Business Analytics Jobs | Data Analytics Jobs | JobContax"," JobContax Recruitment - Business Analytics Jobs in Ireland and worldwide. To Apply for Business Analytics Jobs visit our website or call +353-1-7978730","Business Analytics Jobs, Data Analytics Jobs",,"JobContax is a technical recruitment agency which specialises in Business Analytics Jobs.<br> JobContax recruits for leading EPCm's, engineering companies, contractors, developers and consulting engineers in Ireland, UK, Europe, UAE, Qatar, Saudi Arabia, Egypt, Canada, Australia, China and India.<br> Clients include Amec, BHP Billiton, Carillion, Emaar, Habtoor Leighton, Intel, Jacobs Engineering, Shell and many more.<br> If none of our current jobs match your experience, email your CV/Resume to cv@jobcontax.com, and we will contact you when relevalant jobs open.",,,,,,,,,
"12","business-development-jobs",,"Business Development Jobs | BD Jobs | JobContax"," JobContax Recruitment - Business Development Jobs in Ireland and worldwide. To Apply for Business Development Jobs visit our website or call +353-1-7978731","Business Development Jobs, BD Jobs",,"JobContax is a technical recruitment agency which specialises in Business Development Jobs.<br> JobContax recruits for leading EPCm's, engineering companies, contractors, developers and consulting engineers in Ireland, UK, Europe, UAE, Qatar, Saudi Arabia, Egypt, Canada, Australia, China and India.<br> Clients include Amec, BHP Billiton, Carillion, Emaar, Habtoor Leighton, Intel, Jacobs Engineering, Shell and many more.<br> If none of our current jobs match your experience, email your CV/Resume to cv@jobcontax.com, and we will contact you when relevalant jobs open.",,,,,,,,,
"13","cad-jobs",,"CAD Jobs | AUTOCAD Jobs | CAD Design Jobs | JobContax"," JobContax Recruitment - CAD Jobs in Ireland and worldwide. To Apply for CAD Jobs visit our website or call +353-1-7978732","CAD Jobs, AUTOCAD Jobs, CAD Design Jobs",,"JobContax is a technical recruitment agency which specialises in CAD Jobs.<br> JobContax recruits for leading EPCm's, engineering companies, contractors, developers and consulting engineers in Ireland, UK, Europe, UAE, Qatar, Saudi Arabia, Egypt, Canada, Australia, China and India.<br> Clients include Amec, BHP Billiton, Carillion, Emaar, Habtoor Leighton, Intel, Jacobs Engineering, Shell and many more.<br> If none of our current jobs match your experience, email your CV/Resume to cv@jobcontax.com, and we will contact you when relevalant jobs open.",,,,,,,,,
"14","chemical-engineer-jobs",,"Chemical Engineer Jobs | Process Engineer Jobs | JobContax"," JobContax Recruitment - Chemical Engineer Jobs in Ireland and worldwide. To Apply for Chemical Engineer Jobs visit our website or call +353-1-7978733","Chemical Engineer Jobs, Process Engineer Jobs",,"JobContax is a technical recruitment agency which specialises in Chemical Engineer Jobs.<br> JobContax recruits for leading EPCm's, engineering companies, contractors, developers and consulting engineers in Ireland, UK, Europe, UAE, Qatar, Saudi Arabia, Egypt, Canada, Australia, China and India.<br> Clients include Amec, BHP Billiton, Carillion, Emaar, Habtoor Leighton, Intel, Jacobs Engineering, Shell and many more.<br> If none of our current jobs match your experience, email your CV/Resume to cv@jobcontax.com, and we will contact you when relevalant jobs open.",,,,,,,,,
"15","chinese-language-jobs",,"Chinese Language Jobs | Mandarin Language Jobs | JobContax"," JobContax Recruitment - Chinese Language Jobs in Ireland and worldwide. To Apply for Chinese Language Jobs visit our website or call +353-1-7978734","Chinese Language Jobs, Mandarin Language Jobs",,"JobContax is a technical recruitment agency which specialises in Chinese Language Jobs.<br> JobContax recruits for leading EPCm's, engineering companies, contractors, developers and consulting engineers in Ireland, UK, Europe, UAE, Qatar, Saudi Arabia, Egypt, Canada, Australia, China and India.<br> Clients include Amec, BHP Billiton, Carillion, Emaar, Habtoor Leighton, Intel, Jacobs Engineering, Shell and many more.<br> If none of our current jobs match your experience, email your CV/Resume to cv@jobcontax.com, and we will contact you when relevalant jobs open.",,,,,,,,,
"16","civil-engineer-jobs",,"Civil Engineer Jobs | Civil Engineering Jobs | JobContax"," JobContax Recruitment - Civil Engineer Jobs in Ireland and worldwide. To Apply for Civil Engineer Jobs visit our website or call +353-1-7978735","Civil Engineer Jobs, Civil Engineering Jobs",,"JobContax is a technical recruitment agency which specialises in Civil Engineer Jobs.<br> JobContax recruits for leading EPCm's, engineering companies, contractors, developers and consulting engineers in Ireland, UK, Europe, UAE, Qatar, Saudi Arabia, Egypt, Canada, Australia, China and India.<br> Clients include Amec, BHP Billiton, Carillion, Emaar, Habtoor Leighton, Intel, Jacobs Engineering, Shell and many more.<br> If none of our current jobs match your experience, email your CV/Resume to cv@jobcontax.com, and we will contact you when relevalant jobs open.",,,,,,,,,
"17","cnc-toolmaker-jobs",,"CNC Jobs | Toolmaker Jobs | CNC Machinist Jobs | JobContax"," JobContax Recruitment - CNC Jobs in Ireland and worldwide. To Apply for CNC Jobs visit our website or call +353-1-7978736","CNC Jobs, Toolmaker Jobs, CNC Machinist Jobs",,"JobContax is a technical recruitment agency which specialises in CNC - Toolmaker Jobs.<br> JobContax recruits for leading EPCm's, engineering companies, contractors, developers and consulting engineers in Ireland, UK, Europe, UAE, Qatar, Saudi Arabia, Egypt, Canada, Australia, China and India.<br> Clients include: Amgen, Coca Cola, Diageo, Genzyme, GSK, Intel, Jacobs Engineering, J&J, Novartis, Pfizer and many more.<br> If none of our current jobs match your experience, email your CV/Resume to cv@jobcontax.com, and we will contact you when relevalant jobs open.",,,,,,,,,
"18","commercial-manager-jobs",,"Commercial Manager Jobs | Commercial Jobs | JobContax"," JobContax Recruitment - Commercial Manager Jobs in Ireland and worldwide. To Apply for Commercial Manager Jobs visit our website or call +353-1-7978737","Commercial Manager Jobs, Commercial Jobs",,"JobContax is a technical recruitment agency which specialises in Commercial Manager Jobs.<br> JobContax recruits for leading EPCm's, engineering companies, contractors, developers and consulting engineers in Ireland, UK, Europe, UAE, Qatar, Saudi Arabia, Egypt, Canada, Australia, China and India.<br> Clients include Amec, BHP Billiton, Carillion, Emaar, Habtoor Leighton, Intel, Jacobs Engineering, Shell and many more.<br> If none of our current jobs match your experience, email your CV/Resume to cv@jobcontax.com, and we will contact you when relevalant jobs open.",,,,,,,,,
"19","commissioning-engineer-jobs",,"Commissioning Engineer Jobs | Commissioning Jobs | JobContax"," JobContax Recruitment - Commissioning Engineer Jobs in Ireland and worldwide. To Apply for Commissioning Engineer Jobs visit our website or call +353-1-7978738","Commissioning Engineer Jobs, Commissioning Jobs",,"JobContax is a technical recruitment agency which specialises in Commissioning Engineer Jobs.<br> JobContax recruits for leading EPCm's, engineering companies, contractors, developers and consulting engineers in Ireland, UK, Europe, UAE, Qatar, Saudi Arabia, Egypt, Canada, Australia, China and India.<br> Clients include: Amgen, Coca Cola, Diageo, Genzyme, GSK, Intel, Jacobs Engineering, J&J, Novartis, Pfizer and many more.<br> If none of our current jobs match your experience, email your CV/Resume to cv@jobcontax.com, and we will contact you when relevalant jobs open.",,,,,,,,,
"20","commissioning-jobs",,"Commissioning Jobs | Qualification Jobs | JobContax"," JobContax Recruitment - Commissioning Jobs in Ireland and worldwide. To Apply for Commissioning Jobs visit our website or call +353-1-7978739","Commissioning Jobs, Qualification Jobs",,"JobContax is a technical recruitment agency which specialises in Commissioning Jobs.<br> JobContax recruits for leading EPCm's, engineering companies, contractors, developers and consulting engineers in Ireland, UK, Europe, UAE, Qatar, Saudi Arabia, Egypt, Canada, Australia, China and India.<br> Clients include: Amgen, Coca Cola, Diageo, Genzyme, GSK, Intel, Jacobs Engineering, J&J, Novartis, Pfizer and many more.<br> If none of our current jobs match your experience, email your CV/Resume to cv@jobcontax.com, and we will contact you when relevalant jobs open.",,,,,,,,,
"21","computer-systems-validation-csv-jobs",,"CSV Jobs | Computer Systems Validation Jobs | JobContax"," JobContax Recruitment - CSV Jobs in Ireland and worldwide. To Apply for CSV Jobs visit our website or call +353-1-7978740","CSV Jobs, Computer Systems Validation Jobs",,"JobContax is a technical recruitment agency which specialises in Computer Systems Validation - CSV Jobs.<br> JobContax recruits for leading EPCm's, engineering companies, contractors, developers and consulting engineers in Ireland, UK, Europe, UAE, Qatar, Saudi Arabia, Egypt, Canada, Australia, China and India.<br> Clients include: Amgen, Coca Cola, Diageo, Genzyme, GSK, Intel, Jacobs Engineering, J&J, Novartis, Pfizer and many more.<br> If none of our current jobs match your experience, email your CV/Resume to cv@jobcontax.com, and we will contact you when relevalant jobs open.",,,,,,,,,
"22","construction-foreman-jobs",,"Construction Foreman Jobs | Foreman Jobs | JobContax"," JobContax Recruitment - Construction Foreman Jobs in Ireland and worldwide. To Apply for Construction Foreman Jobs visit our website or call +353-1-7978741","Construction Foreman Jobs, Foreman Jobs",,"JobContax is a technical recruitment agency which specialises in Construction Foreman Jobs.<br> JobContax recruits for leading EPCm's, engineering companies, contractors, developers and consulting engineers in Ireland, UK, Europe, UAE, Qatar, Saudi Arabia, Egypt, Canada, Australia, China and India.<br> Clients include Amec, BHP Billiton, Carillion, Emaar, Habtoor Leighton, Intel, Jacobs Engineering, Shell and many more.<br> If none of our current jobs match your experience, email your CV/Resume to cv@jobcontax.com, and we will contact you when relevalant jobs open.",,,,,,,,,
"23","construction-jobs",,"Construction Jobs | Construction Jobs Ireland | JobContax"," JobContax Recruitment - Construction Jobs in Ireland and worldwide. To Apply for Construction Jobs visit our website or call +353-1-7978742","Construction Jobs, Construction Jobs Ireland",,"JobContax is a technical recruitment agency which specialises in Construction Jobs.<br> JobContax recruits for leading EPCm's, engineering companies, contractors, developers and consulting engineers in Ireland, UK, Europe, UAE, Qatar, Saudi Arabia, Egypt, Canada, Australia, China and India.<br> Clients include Amec, BHP Billiton, Carillion, Emaar, Habtoor Leighton, Intel, Jacobs Engineering, Shell and many more.<br> If none of our current jobs match your experience, email your CV/Resume to cv@jobcontax.com, and we will contact you when relevalant jobs open.",,,,,,,,,
"24","construction-manager-jobs",,"Construction Manager Jobs | Construction Manager | JobContax"," JobContax Recruitment - Construction Manager Jobs in Ireland and worldwide. To Apply for Construction Manager Jobs visit our website or call +353-1-7978743","Construction Manager Jobs, Construction Manager",,"JobContax is a technical recruitment agency which specialises in Construction Manager Jobs.<br> JobContax recruits for leading EPCm's, engineering companies, contractors, developers and consulting engineers in Ireland, UK, Europe, UAE, Qatar, Saudi Arabia, Egypt, Canada, Australia, China and India.<br> Clients include Amec, BHP Billiton, Carillion, Emaar, Habtoor Leighton, Intel, Jacobs Engineering, Shell and many more.<br> If none of our current jobs match your experience, email your CV/Resume to cv@jobcontax.com, and we will contact you when relevalant jobs open.",,,,,,,,,
"25","contracts-manager-jobs",,"Contracts Manager Jobs | Contracts Jobs | JobContax"," JobContax Recruitment - Contracts Manager Jobs in Ireland and worldwide. To Apply for Contracts Manager Jobs visit our website or call +353-1-7978744","Contracts Manager Jobs, Contracts Jobs",,"JobContax is a technical recruitment agency which specialises in Contracts Manager Jobs.<br> JobContax recruits for leading EPCm's, engineering companies, contractors, developers and consulting engineers in Ireland, UK, Europe, UAE, Qatar, Saudi Arabia, Egypt, Canada, Australia, China and India.<br> Clients include Amec, BHP Billiton, Carillion, Emaar, Habtoor Leighton, Intel, Jacobs Engineering, Shell and many more.<br> If none of our current jobs match your experience, email your CV/Resume to cv@jobcontax.com, and we will contact you when relevalant jobs open.",,,,,,,,,
"26","cost-engineer-jobs",,"Cost Engineer Jobs | Cost Engineering Jobs | JobContax"," JobContax Recruitment - Cost Engineer Jobs in Ireland and worldwide. To Apply for Cost Engineer Jobs visit our website or call +353-1-7978745","Cost Engineer Jobs, Cost Engineering Jobs",,"JobContax is a technical recruitment agency which specialises in Cost Engineer Jobs.<br> JobContax recruits for leading EPCm's, engineering companies, contractors, developers and consulting engineers in Ireland, UK, Europe, UAE, Qatar, Saudi Arabia, Egypt, Canada, Australia, China and India.<br> Clients include Amec, BHP Billiton, Carillion, Emaar, Habtoor Leighton, Intel, Jacobs Engineering, Shell and many more.<br> If none of our current jobs match your experience, email your CV/Resume to cv@jobcontax.com, and we will contact you when relevalant jobs open.",,,,,,,,,
"27","cqv-cq-jobs",,"CQV Jobs | C&Q Jobs | CQV Engineer Jobs | JobContax"," JobContax Recruitment - CQV Jobs in Ireland and worldwide. To Apply for CQV Jobs visit our website or call +353-1-7978746","CQV Jobs, C&Q Jobs, CQV Engineer Jobs",,"JobContax is a technical recruitment agency which specialises in CQV - C&Q Jobs.<br> JobContax recruits for leading EPCm's, engineering companies, contractors, developers and consulting engineers in Ireland, UK, Europe, UAE, Qatar, Saudi Arabia, Egypt, Canada, Australia, China and India.<br> Clients include: Amgen, Coca Cola, Diageo, Genzyme, GSK, Intel, Jacobs Engineering, J&J, Novartis, Pfizer and many more.<br> If none of our current jobs match your experience, email your CV/Resume to cv@jobcontax.com, and we will contact you when relevalant jobs open.",,,,,,,,,
"28","design-engineer-jobs",,"Design Engineer Jobs | Design Jobs | JobContax"," JobContax Recruitment - Design Engineer Jobs in Ireland and worldwide. To Apply for Design Engineer Jobs visit our website or call +353-1-7978747","Design Engineer Jobs, Design Jobs",,"JobContax is a technical recruitment agency which specialises in Design Engineer Jobs.<br> JobContax recruits for leading EPCm's, engineering companies, contractors, developers and consulting engineers in Ireland, UK, Europe, UAE, Qatar, Saudi Arabia, Egypt, Canada, Australia, China and India.<br> Clients include Amec, BHP Billiton, Carillion, Emaar, Habtoor Leighton, Intel, Jacobs Engineering, Shell and many more.<br> If none of our current jobs match your experience, email your CV/Resume to cv@jobcontax.com, and we will contact you when relevalant jobs open.",,,,,,,,,
"29","design-manager-jobs",,"Design Manager Jobs | Design Manager Ireland | JobContax"," JobContax Recruitment - Design Manager Jobs in Ireland and worldwide. To Apply for Design Manager Jobs visit our website or call +353-1-7978748","Design Manager Jobs, Design Manager Ireland",,"JobContax is a technical recruitment agency which specialises in Design Manager Jobs.<br> JobContax recruits for leading EPCm's, engineering companies, contractors, developers and consulting engineers in Ireland, UK, Europe, UAE, Qatar, Saudi Arabia, Egypt, Canada, Australia, China and India.<br> Clients include Amec, BHP Billiton, Carillion, Emaar, Habtoor Leighton, Intel, Jacobs Engineering, Shell and many more.<br> If none of our current jobs match your experience, email your CV/Resume to cv@jobcontax.com, and we will contact you when relevalant jobs open.",,,,,,,,,
"30","director-jobs",,"Director Jobs | Director Jobs Ireland | JobContax"," JobContax Recruitment - Director Jobs in Ireland and worldwide. To Apply for Director Jobs visit our website or call +353-1-7978749","Director Jobs, Director Jobs Ireland",,"JobContax is a technical recruitment agency which specialises in Director Jobs.<br> JobContax recruits for leading EPCm's, engineering companies, contractors, developers and consulting engineers in Ireland, UK, Europe, UAE, Qatar, Saudi Arabia, Egypt, Canada, Australia, China and India.<br> Clients include Amec, BHP Billiton, Carillion, Emaar, Habtoor Leighton, Intel, Jacobs Engineering, Shell and many more.<br> If none of our current jobs match your experience, email your CV/Resume to cv@jobcontax.com, and we will contact you when relevalant jobs open.",,,,,,,,,
"31","distribution-lineman-jobs",,"Distribution Lineman Jobs | Distribution Jobs | JobContax"," JobContax Recruitment - Distribution Lineman Jobs in Ireland and worldwide. To Apply for Distribution Lineman Jobs visit our website or call +353-1-7978750","Distribution Lineman Jobs, Distribution Jobs",,"JobContax is a technical recruitment agency which specialises in Distribution Lineman Jobs.<br> JobContax recruits for leading EPCm's, engineering companies, contractors, developers and consulting engineers in Ireland, UK, Europe, UAE, Qatar, Saudi Arabia, Egypt, Canada, Australia, China and India.<br> Clients include Amec, BHP Billiton, Carillion, Emaar, Habtoor Leighton, Intel, Jacobs Engineering, Shell and many more.<br> If none of our current jobs match your experience, email your CV/Resume to cv@jobcontax.com, and we will contact you when relevalant jobs open.",,,,,,,,,
"32","document-control-jobs",,"Document Control Jobs | Document Controller Jobs | JobContax"," JobContax Recruitment - Document Control Jobs in Ireland and worldwide. To Apply for Document Control Jobs visit our website or call +353-1-7978751","Document Control Jobs, Document Controller Jobs",,"JobContax is a technical recruitment agency which specialises in Document Control Jobs.<br> JobContax recruits for leading EPCm's, engineering companies, contractors, developers and consulting engineers in Ireland, UK, Europe, UAE, Qatar, Saudi Arabia, Egypt, Canada, Australia, China and India.<br> Clients include Amec, BHP Billiton, Carillion, Emaar, Habtoor Leighton, Intel, Jacobs Engineering, Shell and many more.<br> If none of our current jobs match your experience, email your CV/Resume to cv@jobcontax.com, and we will contact you when relevalant jobs open.",,,,,,,,,
"33","ei-engineer-jobs",,"E&I Engineer Jobs | Instrumentation Jobs | JobContax"," JobContax Recruitment - E&I Engineer Jobs in Ireland and worldwide. To Apply for E&I Engineer Jobs visit our website or call +353-1-7978752","E&I Engineer Jobs, Instrumentation Jobs",,"JobContax is a technical recruitment agency which specialises in E&I Engineer Jobs.<br> JobContax recruits for leading EPCm's, engineering companies, contractors, developers and consulting engineers in Ireland, UK, Europe, UAE, Qatar, Saudi Arabia, Egypt, Canada, Australia, China and India.<br> Clients include Amec, BHP Billiton, Carillion, Emaar, Habtoor Leighton, Intel, Jacobs Engineering, Shell and many more.<br> If none of our current jobs match your experience, email your CV/Resume to cv@jobcontax.com, and we will contact you when relevalant jobs open.",,,,,,,,,
"34","electrical-engineer-jobs",,"Electrical Engineer Jobs | Electrical Design Jobs | JobContax"," JobContax Recruitment - Electrical Engineer Jobs in Ireland and worldwide. To Apply for Electrical Engineer Jobs visit our website or call +353-1-7978753","Electrical Engineer Jobs, Electrical Design Jobs",,"JobContax is a technical recruitment agency which specialises in Electrical Engineer Jobs.<br> JobContax recruits for leading EPCm's, engineering companies, contractors, developers and consulting engineers in Ireland, UK, Europe, UAE, Qatar, Saudi Arabia, Egypt, Canada, Australia, China and India.<br> Clients include Amec, BHP Billiton, Carillion, Emaar, Habtoor Leighton, Intel, Jacobs Engineering, Shell and many more.<br> If none of our current jobs match your experience, email your CV/Resume to cv@jobcontax.com, and we will contact you when relevalant jobs open.",,,,,,,,,
"35","energy-jobs",,"Energy Jobs | Power Jobs | Electricity Jobs | JobContax"," JobContax Recruitment - Energy Jobs in Ireland and worldwide. To Apply for Energy Jobs visit our website or call +353-1-7978754","Energy Jobs, Power Jobs, Electricity Jobs",,"JobContax is a technical recruitment agency which specialises in Energy Jobs.<br> JobContax recruits for leading EPCm's, engineering companies, contractors, developers and consulting engineers in Ireland, UK, Europe, UAE, Qatar, Saudi Arabia, Egypt, Canada, Australia, China and India.<br> Clients include Amec, BHP Billiton, Carillion, Emaar, Habtoor Leighton, Intel, Jacobs Engineering, Shell and many more.<br> If none of our current jobs match your experience, email your CV/Resume to cv@jobcontax.com, and we will contact you when relevalant jobs open.",,,,,,,,,
"36","engineering-jobs",,"Engineering Jobs | Engineering Jobs Ireland | JobContax"," JobContax Recruitment - Engineering Jobs in Ireland and worldwide. To Apply for Engineering Jobs visit our website or call +353-1-7978755","Engineering Jobs, Engineering Jobs Ireland",,"JobContax is a technical recruitment agency which specialises in Engineering Jobs.<br> JobContax recruits for leading EPCm's, engineering companies, contractors, developers and consulting engineers in Ireland, UK, Europe, UAE, Qatar, Saudi Arabia, Egypt, Canada, Australia, China and India.<br> Clients include Amec, BHP Billiton, Carillion, Emaar, Habtoor Leighton, Intel, Jacobs Engineering, Shell and many more.<br> If none of our current jobs match your experience, email your CV/Resume to cv@jobcontax.com, and we will contact you when relevalant jobs open.",,,,,,,,,
"37","engineering-manager-jobs",,"Engineering Manager Jobs | Senior Engineer Jobs | JobContax"," JobContax Recruitment - Engineering Manager Jobs in Ireland and worldwide. To Apply for Engineering Manager Jobs visit our website or call +353-1-7978756","Engineering Manager Jobs, Senior Engineer Jobs",,"JobContax is a technical recruitment agency which specialises in Engineering Manager Jobs.<br> JobContax recruits for leading EPCm's, engineering companies, contractors, developers and consulting engineers in Ireland, UK, Europe, UAE, Qatar, Saudi Arabia, Egypt, Canada, Australia, China and India.<br> Clients include Amec, BHP Billiton, Carillion, Emaar, Habtoor Leighton, Intel, Jacobs Engineering, Shell and many more.<br> If none of our current jobs match your experience, email your CV/Resume to cv@jobcontax.com, and we will contact you when relevalant jobs open.",,,,,,,,,
"38","environmental-jobs",,"Environmental Jobs | Environmental Officer Jobs | JobContax"," JobContax Recruitment - Environmental Jobs in Ireland and worldwide. To Apply for Environmental Jobs visit our website or call +353-1-7978757","Environmental Jobs, Environmental Officer Jobs",,"JobContax is a technical recruitment agency which specialises in Environmental Jobs.<br> JobContax recruits for leading EPCm's, engineering companies, contractors, developers and consulting engineers in Ireland, UK, Europe, UAE, Qatar, Saudi Arabia, Egypt, Canada, Australia, China and India.<br> Clients include Amec, BHP Billiton, Carillion, Emaar, Habtoor Leighton, Intel, Jacobs Engineering, Shell and many more.<br> If none of our current jobs match your experience, email your CV/Resume to cv@jobcontax.com, and we will contact you when relevalant jobs open.",,,,,,,,,
"39","equipment-reliability-engineer-jobs",,"Equipment Engineer Jobs | Equipment Jobs | JobContax"," JobContax Recruitment - Equipment Engineer Jobs in Ireland and worldwide. To Apply for Equipment Engineer Jobs visit our website or call +353-1-7978758","Equipment Engineer Jobs, Equipment Jobs",,"JobContax is a technical recruitment agency which specialises in Equipment - Reliability Engineer Jobs.<br> JobContax recruits for leading global multinationals, EPCm consultancies and startups, in Ireland, UK, Europe, Canada, Australia, China and India.<br> Clients include: Amgen, Coca Cola, Diageo, Genzyme, GSK, Intel, Jacobs Engineering, J&J, Novartis, Pfizer and many more.<br> If none of our current jobs match your experience, email your CV/Resume to cv@jobcontax.com, and we will contact you when relevalant jobs open.",,,,,,,,,
"40","estimator-estimating-jobs",,"Estimator Jobs | Estimating Jobs  | JobContax"," JobContax Recruitment - Estimator Jobs in Ireland and worldwide. To Apply for Estimator Jobs visit our website or call +353-1-7978759","Estimator Jobs, Estimating Jobs ",,"JobContax is a technical recruitment agency which specialises in Estimator - Estimating Jobs.<br> JobContax recruits for leading EPCm's, engineering companies, contractors, developers and consulting engineers in Ireland, UK, Europe, UAE, Qatar, Saudi Arabia, Egypt, Canada, Australia, China and India.<br> Clients include Amec, BHP Billiton, Carillion, Emaar, Habtoor Leighton, Intel, Jacobs Engineering, Shell and many more.<br> If none of our current jobs match your experience, email your CV/Resume to cv@jobcontax.com, and we will contact you when relevalant jobs open.",,,,,,,,,
"41","financial-jobs",,"Financial Jobs | Accountant Jobs | CFO Jobs | JobContax"," JobContax Recruitment - Financial Jobs in Ireland and worldwide. To Apply for Financial Jobs visit our website or call +353-1-7978760","Financial Jobs, Accountant Jobs, CFO Jobs",,"JobContax is a technical recruitment agency which specialises in Financial Jobs.<br> JobContax recruits for leading EPCm's, engineering companies, contractors, developers and consulting engineers in Ireland, UK, Europe, UAE, Qatar, Saudi Arabia, Egypt, Canada, Australia, China and India.<br> Clients include Amec, BHP Billiton, Carillion, Emaar, Habtoor Leighton, Intel, Jacobs Engineering, Shell and many more.<br> If none of our current jobs match your experience, email your CV/Resume to cv@jobcontax.com, and we will contact you when relevalant jobs open.",,,,,,,,,
"42","geotechnical-engineer-jobs",,"Geologist Jobs | Geolophysicist Jobs | JobContax"," JobContax Recruitment - Geologist Jobs in Ireland and worldwide. To Apply for Geologist Jobs visit our website or call +353-1-7978761","Geologist Jobs, Geolophysicist Jobs",,"JobContax is a technical recruitment agency which specialises in Geotechnical Engineer Jobs.<br> JobContax recruits for leading EPCm's, engineering companies, contractors, developers and consulting engineers in Ireland, UK, Europe, UAE, Qatar, Saudi Arabia, Egypt, Canada, Australia, China and India.<br> Clients include Amec, BHP Billiton, Carillion, Emaar, Habtoor Leighton, Intel, Jacobs Engineering, Shell and many more.<br> If none of our current jobs match your experience, email your CV/Resume to cv@jobcontax.com, and we will contact you when relevalant jobs open.",,,,,,,,,
"43","health-and-safety-hse-ehs-jobs",,"Health Safety Jobs | H&S Jobs | EHS Jobs | JobContax"," JobContax Recruitment - Health Safety Jobs in Ireland and worldwide. To Apply for Health Safety Jobs visit our website or call +353-1-7978762","Health Safety Jobs, H&S Jobs, EHS Jobs",,"JobContax is a technical recruitment agency which specialises in Health and Safety - HSE - EHS Jobs.<br> JobContax recruits for leading EPCm's, engineering companies, contractors, developers and consulting engineers in Ireland, UK, Europe, UAE, Qatar, Saudi Arabia, Egypt, Canada, Australia, China and India.<br> Clients include Amec, BHP Billiton, Carillion, Emaar, Habtoor Leighton, Intel, Jacobs Engineering, Shell and many more.<br> If none of our current jobs match your experience, email your CV/Resume to cv@jobcontax.com, and we will contact you when relevalant jobs open.",,,,,,,,,
"44","hvac-engineer-jobs",,"HVAC Engineer Jobs | HVAC Jobs | JobContax"," JobContax Recruitment - HVAC Engineer Jobs in Ireland and worldwide. To Apply for HVAC Engineer Jobs visit our website or call +353-1-7978763","HVAC Engineer Jobs, HVAC Jobs",,"JobContax is a technical recruitment agency which specialises in HVAC Engineer Jobs.<br> JobContax recruits for leading EPCm's, engineering companies, contractors, developers and consulting engineers in Ireland, UK, Europe, UAE, Qatar, Saudi Arabia, Egypt, Canada, Australia, China and India.<br> Clients include Amec, BHP Billiton, Carillion, Emaar, Habtoor Leighton, Intel, Jacobs Engineering, Shell and many more.<br> If none of our current jobs match your experience, email your CV/Resume to cv@jobcontax.com, and we will contact you when relevalant jobs open.",,,,,,,,,
"45","industrial-engineer-jobs",,"Industrial Engineer Jobs | Industrial Jobs | JobContax"," JobContax Recruitment - Industrial Engineer Jobs in Ireland and worldwide. To Apply for Industrial Engineer Jobs visit our website or call +353-1-7978764","Industrial Engineer Jobs, Industrial Jobs",,"JobContax is a technical recruitment agency which specialises in Industrial Engineer Jobs.<br> JobContax recruits for leading EPCm's, engineering companies, contractors, developers and consulting engineers in Ireland, UK, Europe, UAE, Qatar, Saudi Arabia, Egypt, Canada, Australia, China and India.<br> Clients include Amec, BHP Billiton, Carillion, Emaar, Habtoor Leighton, Intel, Jacobs Engineering, Shell and many more.<br> If none of our current jobs match your experience, email your CV/Resume to cv@jobcontax.com, and we will contact you when relevalant jobs open.",,,,,,,,,
"46","infrastructure-jobs",,"Infrastructure Jobs | Infrastructure Engineer Jobs | JobContax"," JobContax Recruitment - Infrastructure Jobs in Ireland and worldwide. To Apply for Infrastructure Jobs visit our website or call +353-1-7978765","Infrastructure Jobs, Infrastructure Engineer Jobs",,"JobContax is a technical recruitment agency which specialises in Infrastructure Jobs.<br> JobContax recruits for leading EPCm's, engineering companies, contractors, developers and consulting engineers in Ireland, UK, Europe, UAE, Qatar, Saudi Arabia, Egypt, Canada, Australia, China and India.<br> Clients include Amec, BHP Billiton, Carillion, Emaar, Habtoor Leighton, Intel, Jacobs Engineering, Shell and many more.<br> If none of our current jobs match your experience, email your CV/Resume to cv@jobcontax.com, and we will contact you when relevalant jobs open.",,,,,,,,,
"47","injection-moulding-jobs",,"Injection Moulding Jobs | Plastics Jobs | JobContax"," JobContax Recruitment - Injection Moulding Jobs in Ireland and worldwide. To Apply for Injection Moulding Jobs visit our website or call +353-1-7978766","Injection Moulding Jobs, Plastics Jobs",,"JobContax is a technical recruitment agency which specialises in Injection Moulding Jobs.<br> JobContax recruits for leading global multinationals, EPCm consultancies and startups, in Ireland, UK, Europe, Canada, Australia, China and India.<br> Clients include: Amgen, Coca Cola, Diageo, Genzyme, GSK, Intel, Jacobs Engineering, J&J, Novartis, Pfizer and many more.<br> If none of our current jobs match your experience, email your CV/Resume to cv@jobcontax.com, and we will contact you when relevalant jobs open.",,,,,,,,,
"48","instrumentation-ic-jobs",,"Instrumentation Engineer Jobs | I&C Jobs | JobContax"," JobContax Recruitment - Instrumentation Engineer Jobs in Ireland and worldwide. To Apply for Instrumentation Engineer Jobs visit our website or call +353-1-7978767","Instrumentation Engineer Jobs, I&C Jobs",,"JobContax is a technical recruitment agency which specialises in Instrumentation - I&C Jobs.<br> JobContax recruits for leading global multinationals, EPCm consultancies and startups, in Ireland, UK, Europe, Canada, Australia, China and India.<br> Clients include: Amgen, Coca Cola, Diageo, Genzyme, GSK, Intel, Jacobs Engineering, J&J, Novartis, Pfizer and many more.<br> If none of our current jobs match your experience, email your CV/Resume to cv@jobcontax.com, and we will contact you when relevalant jobs open.",,,,,,,,,
"49","laboratory-lab-lims-jobs",,"Laboratory Jobs | Lab Jobs | LIMS Jobs | JobContax"," JobContax Recruitment - Laboratory Jobs in Ireland and worldwide. To Apply for Laboratory Jobs visit our website or call +353-1-7978768","Laboratory Jobs, Lab Jobs, LIMS Jobs",,"JobContax is a technical recruitment agency which specialises in Laboratory - Lab - LIMS Jobs.<br> JobContax recruits for leading global multinationals, EPCm consultancies and startups, in Ireland, UK, Europe, Canada, Australia, China and India.<br> Clients include: Amgen, Coca Cola, Diageo, Genzyme, GSK, Intel, Jacobs Engineering, J&J, Novartis, Pfizer and many more.<br> If none of our current jobs match your experience, email your CV/Resume to cv@jobcontax.com, and we will contact you when relevalant jobs open.",,,,,,,,,
"50","lineman-jobs",,"Lineman Jobs | Linesman Jobs | JobContax"," JobContax Recruitment - Lineman Jobs in Ireland and worldwide. To Apply for Lineman Jobs visit our website or call +353-1-7978769","Lineman Jobs, Linesman Jobs",,"JobContax is a technical recruitment agency which specialises in Lineman Jobs.<br> JobContax recruits for leading EPCm's, engineering companies, contractors, developers and consulting engineers in Ireland, UK, Europe, UAE, Qatar, Saudi Arabia, Egypt, Canada, Australia, China and India.<br> Clients include Amec, BHP Billiton, Carillion, Emaar, Habtoor Leighton, Intel, Jacobs Engineering, Shell and many more.<br> If none of our current jobs match your experience, email your CV/Resume to cv@jobcontax.com, and we will contact you when relevalant jobs open.",,,,,,,,,
"51","maintenance-engineer-jobs",,"Maintenance Engineer Jobs | Maintenance Jobs | JobContax"," JobContax Recruitment - Maintenance Engineer Jobs in Ireland and worldwide. To Apply for Maintenance Engineer Jobs visit our website or call +353-1-7978770","Maintenance Engineer Jobs, Maintenance Jobs",,"JobContax is a technical recruitment agency which specialises in Maintenance Engineer Jobs.<br> JobContax recruits for leading global multinationals, EPCm consultancies and startups, in Ireland, UK, Europe, Canada, Australia, China and India.<br> Clients include: Amgen, Coca Cola, Diageo, Genzyme, GSK, Intel, Jacobs Engineering, J&J, Novartis, Pfizer and many more.<br> If none of our current jobs match your experience, email your CV/Resume to cv@jobcontax.com, and we will contact you when relevalant jobs open.",,,,,,,,,
"52","manufacturing-engineer-jobs",,"Manufacturing Engineer Jobs | Manufacturing Jobs | JobContax"," JobContax Recruitment - Manufacturing Engineer Jobs in Ireland and worldwide. To Apply for Manufacturing Engineer Jobs visit our website or call +353-1-7978771","Manufacturing Engineer Jobs, Manufacturing Jobs",,"JobContax is a technical recruitment agency which specialises in Manufacturing Engineer Jobs. JobContax recruits for leading global multinationals, EPCm consultancies and startups, in Ireland, UK, Europe, Canada, Australia, China and India. Clients include: Amgen, Coca Cola, Diageo, Genzyme, GSK, Intel, Jacobs Engineering, J&J, Novartis, Pfizer and many more. If none of our current jobs match your experience, email your CV/Resume to cv@jobcontax.com, and we will contact you when relevalant jobs open.",,,,,,,,,
"53","manufacturing-jobs",,"Manufacturing Jobs Ireland | Manufacturing Jobs | JobContax"," JobContax Recruitment - Manufacturing Jobs in Ireland and worldwide. To Apply for Manufacturing Jobs visit our website or call +353-1-7978772","Manufacturing Jobs Ireland, Manufacturing Jobs",,"JobContax is a technical recruitment agency which specialises in Manufacturing Jobs.<br> JobContax recruits for leading EPCm's, engineering companies, contractors, developers and consulting engineers in Ireland, UK, Europe, UAE, Qatar, Saudi Arabia, Egypt, Canada, Australia, China and India.<br> Clients include Amec, BHP Billiton, Carillion, Emaar, Habtoor Leighton, Intel, Jacobs Engineering, Shell and many more.<br> If none of our current jobs match your experience, email your CV/Resume to cv@jobcontax.com, and we will contact you when relevalant jobs open.",,,,,,,,,
"54","mechanical-engineer-jobs",,"Mechanical Engineer Jobs | MEP Engineer Jobs | JobContax"," JobContax Recruitment - Mechanical Engineer Jobs in Ireland and worldwide. To Apply for Mechanical Engineer Jobs visit our website or call +353-1-7978773","Mechanical Engineer Jobs, MEP Engineer Jobs",,"JobContax is a technical recruitment agency which specialises in Mechanical Engineer Jobs.<br> JobContax recruits for leading EPCm's, engineering companies, contractors, developers and consulting engineers in Ireland, UK, Europe, UAE, Qatar, Saudi Arabia, Egypt, Canada, Australia, China and India.<br> Clients include Amec, BHP Billiton, Carillion, Emaar, Habtoor Leighton, Intel, Jacobs Engineering, Shell and many more.<br> If none of our current jobs match your experience, email your CV/Resume to cv@jobcontax.com, and we will contact you when relevalant jobs open.",,,,,,,,,
"55","medical-device-jobs",,"Medical Device Jobs Ireland | Med Dev Jobs | JobContax"," JobContax Recruitment - Medical Device Jobs in Ireland and worldwide. To Apply for Medical Device Jobs visit our website or call +353-1-7978774","Medical Device Jobs Ireland, Med Dev Jobs",,"JobContax is a technical recruitment agency which specialises in Medical Device Jobs.<br> JobContax recruits for leading EPCm's, engineering companies, contractors, developers and consulting engineers in Ireland, UK, Europe, UAE, Qatar, Saudi Arabia, Egypt, Canada, Australia, China and India.<br> Clients include: Amgen, Coca Cola, Diageo, Genzyme, GSK, Intel, Jacobs Engineering, J&J, Novartis, Pfizer and many more.<br> If none of our current jobs match your experience, email your CV/Resume to cv@jobcontax.com, and we will contact you when relevalant jobs open.",,,,,,,,,
"56","mep-jobs",,"MEP Jobs | MEP Jobs Ireland | MEP Engineer Jobs | JobContax"," JobContax Recruitment - MEP Jobs in Ireland and worldwide. To Apply for MEP Jobs visit our website or call +353-1-7978775","MEP Jobs, MEP Jobs Ireland, MEP Engineer Jobs",,"JobContax is a technical recruitment agency which specialises in MEP Jobs.<br> JobContax recruits for leading EPCm's, engineering companies, contractors, developers and consulting engineers in Ireland, UK, Europe, UAE, Qatar, Saudi Arabia, Egypt, Canada, Australia, China and India.<br> Clients include Amec, BHP Billiton, Carillion, Emaar, Habtoor Leighton, Intel, Jacobs Engineering, Shell and many more.<br> If none of our current jobs match your experience, email your CV/Resume to cv@jobcontax.com, and we will contact you when relevalant jobs open.",,,,,,,,,
"57","microbiology-microbiologist-jobs",,"Microbiologist Jobs | Microbiology Jobs Ireland | JobContax"," JobContax Recruitment - Microbiologist Jobs in Ireland and worldwide. To Apply for Microbiologist Jobs visit our website or call +353-1-7978776","Microbiologist Jobs, Microbiology Jobs Ireland",,"JobContax is a technical recruitment agency which specialises in Microbiology - Microbiologist Jobs.<br> JobContax recruits for leading global multinationals, EPCm consultancies and startups, in Ireland, UK, Europe, Canada, Australia, China and India.<br> Clients include: Amgen, Coca Cola, Diageo, Genzyme, GSK, Intel, Jacobs Engineering, J&J, Novartis, Pfizer and many more.<br> If none of our current jobs match your experience, email your CV/Resume to cv@jobcontax.com, and we will contact you when relevalant jobs open.",,,,,,,,,
"58","mining-jobs",,"Mining Jobs | Mining Vacancies | JobContax"," JobContax Recruitment - Mining Jobs in Ireland and worldwide. To Apply for Mining Jobs visit our website or call +353-1-7978777","Mining Jobs, Mining Vacancies",,"JobContax is a technical recruitment agency which specialises in Mining Jobs.<br> JobContax recruits for leading EPCm's, engineering companies, contractors, developers and consulting engineers in Ireland, UK, Europe, UAE, Qatar, Saudi Arabia, Egypt, Canada, Australia, China and India.<br> Clients include Amec, BHP Billiton, Carillion, Emaar, Habtoor Leighton, Intel, Jacobs Engineering, Shell and many more.<br> If none of our current jobs match your experience, email your CV/Resume to cv@jobcontax.com, and we will contact you when relevalant jobs open.",,,,,,,,,
"59","oil-gas-jobs",,"Oil & Gas Jobs | Oil Jobs | Gas Jobs | JobContax"," JobContax Recruitment - Oil & Gas Jobs in Ireland and worldwide. To Apply for Oil & Gas Jobs visit our website or call +353-1-7978778","Oil & Gas Jobs, Oil Jobs, Gas Jobs",,"JobContax is a technical recruitment agency which specialises in Oil & Gas Jobs.<br> JobContax recruits for leading EPCm's, engineering companies, contractors, developers and consulting engineers in Ireland, UK, Europe, UAE, Qatar, Saudi Arabia, Egypt, Canada, Australia, China and India.<br> Clients include Amec, BHP Billiton, Carillion, Emaar, Habtoor Leighton, Intel, Jacobs Engineering, Shell and many more.<br> If none of our current jobs match your experience, email your CV/Resume to cv@jobcontax.com, and we will contact you when relevalant jobs open.",,,,,,,,,
"60","operations-manager-jobs",,"Operations Manager Jobs | Operations Jobs | JobContax"," JobContax Recruitment - Operations Manager Jobs in Ireland and worldwide. To Apply for Operations Manager Jobs visit our website or call +353-1-7978779","Operations Manager Jobs, Operations Jobs",,"JobContax is a technical recruitment agency which specialises in Operations Manager Jobs.<br> JobContax recruits for leading EPCm's, engineering companies, contractors, developers and consulting engineers in Ireland, UK, Europe, UAE, Qatar, Saudi Arabia, Egypt, Canada, Australia, China and India.<br> Clients include Amec, BHP Billiton, Carillion, Emaar, Habtoor Leighton, Intel, Jacobs Engineering, Shell and many more.<br> If none of our current jobs match your experience, email your CV/Resume to cv@jobcontax.com, and we will contact you when relevalant jobs open.",,,,,,,,,
"61","packaging-engineer-jobs",,"Packaging Engineer Jobs | Packaging Jobs | JobContax"," JobContax Recruitment - Packaging Engineer Jobs in Ireland and worldwide. To Apply for Packaging Engineer Jobs visit our website or call +353-1-7978780","Packaging Engineer Jobs, Packaging Jobs",,"JobContax is a technical recruitment agency which specialises in Packaging Engineer Jobs.<br> JobContax recruits for leading global multinationals, EPCm consultancies and startups, in Ireland, UK, Europe, Canada, Australia, China and India.<br> Clients include: Amgen, Coca Cola, Diageo, Genzyme, GSK, Intel, Jacobs Engineering, J&J, Novartis, Pfizer and many more.<br> If none of our current jobs match your experience, email your CV/Resume to cv@jobcontax.com, and we will contact you when relevalant jobs open.",,,,,,,,,
"62","petrochemical-jobs",,"Petrochemical Jobs | Petrochem Jobs | JobContax"," JobContax Recruitment - Petrochemical Jobs in Ireland and worldwide. To Apply for Petrochemical Jobs visit our website or call +353-1-7978781","Petrochemical Jobs, Petrochem Jobs",,"JobContax is a technical recruitment agency which specialises in Petrochemical Jobs.<br> JobContax recruits for leading EPCm's, engineering companies, contractors, developers and consulting engineers in Ireland, UK, Europe, UAE, Qatar, Saudi Arabia, Egypt, Canada, Australia, China and India.<br> Clients include Amec, BHP Billiton, Carillion, Emaar, Habtoor Leighton, Intel, Jacobs Engineering, Shell and many more.<br> If none of our current jobs match your experience, email your CV/Resume to cv@jobcontax.com, and we will contact you when relevalant jobs open.",,,,,,,,,
"63","pharmaceutical-jobs",,"Pharmaceutical Jobs ireland | Pharma Jobs | JobContax"," JobContax Recruitment - Pharmaceutical Jobs in Ireland and worldwide. To Apply for Pharmaceutical Jobs visit our website or call +353-1-7978782","Pharmaceutical Jobs ireland, Pharma Jobs",,"JobContax is a technical recruitment agency which specialises in Pharmaceutical Jobs.<br> JobContax recruits for leading EPCm's, engineering companies, contractors, developers and consulting engineers in Ireland, UK, Europe, UAE, Qatar, Saudi Arabia, Egypt, Canada, Australia, China and India.<br> Clients include: Amgen, Coca Cola, Diageo, Genzyme, GSK, Intel, Jacobs Engineering, J&J, Novartis, Pfizer and many more.<br> If none of our current jobs match your experience, email your CV/Resume to cv@jobcontax.com, and we will contact you when relevalant jobs open.",,,,,,,,,
"64","pharmacovigilance-pv-jobs",,"Pharmacovigilance Jobs Ireland | PV Jobs | JobContax"," JobContax Recruitment - Pharmacovigilance Jobs in Ireland and worldwide. To Apply for Pharmacovigilance Jobs visit our website or call +353-1-7978783","Pharmacovigilance Jobs Ireland, PV Jobs",,"JobContax is a technical recruitment agency which specialises in Pharmacovigilance - PV Jobs.<br> JobContax recruits for leading global multinationals, EPCm consultancies and startups, in Ireland, UK, Europe, Canada, Australia, China and India.<br> Clients include: Amgen, Coca Cola, Diageo, Genzyme, GSK, Intel, Jacobs Engineering, J&J, Novartis, Pfizer and many more.<br> If none of our current jobs match your experience, email your CV/Resume to cv@jobcontax.com, and we will contact you when relevalant jobs open.",,,,,,,,,
"65","piping-jobs",,"Piping Jobs Ireland | Piping Engineer Jobs | JobContax"," JobContax Recruitment - Piping Jobs Ireland in Ireland and worldwide. To Apply for Piping Jobs Ireland visit our website or call +353-1-7978784","Piping Jobs Ireland, Piping Engineer Jobs",,"JobContax is a technical recruitment agency which specialises in Piping Jobs.<br> JobContax recruits for leading EPCm's, engineering companies, contractors, developers and consulting engineers in Ireland, UK, Europe, UAE, Qatar, Saudi Arabia, Egypt, Canada, Australia, China and India.<br> Clients include Amec, BHP Billiton, Carillion, Emaar, Habtoor Leighton, Intel, Jacobs Engineering, Shell and many more.<br> If none of our current jobs match your experience, email your CV/Resume to cv@jobcontax.com, and we will contact you when relevalant jobs open.",,,,,,,,,
"66","planner-scheduler-jobs",,"Planner Jobs | Scheduler Jobs | Planning Jobs | JobContax"," JobContax Recruitment - Planner Jobs in Ireland and worldwide. To Apply for Planner Jobs visit our website or call +353-1-7978785","Planner Jobs, Scheduler Jobs, Planning Jobs",,"JobContax is a technical recruitment agency which specialises in Planner - Scheduler Jobs.<br> JobContax recruits for leading EPCm's, engineering companies, contractors, developers and consulting engineers in Ireland, UK, Europe, UAE, Qatar, Saudi Arabia, Egypt, Canada, Australia, China and India.<br> Clients include Amec, BHP Billiton, Carillion, Emaar, Habtoor Leighton, Intel, Jacobs Engineering, Shell and many more.<br> If none of our current jobs match your experience, email your CV/Resume to cv@jobcontax.com, and we will contact you when relevalant jobs open.",,,,,,,,,
"67","process-engineer-jobs",,"Process Engineer Jobs | Process Engineering Jobs | JobContax"," JobContax Recruitment - Process Engineer Jobs in Ireland and worldwide. To Apply for Process Engineer Jobs visit our website or call +353-1-7978786","Process Engineer Jobs, Process Engineering Jobs",,"JobContax is a technical recruitment agency which specialises in Process Engineer Jobs.<br> JobContax recruits for leading EPCm's, engineering companies, contractors, developers and consulting engineers in Ireland, UK, Europe, UAE, Qatar, Saudi Arabia, Egypt, Canada, Australia, China and India.<br> Clients include Amec, BHP Billiton, Carillion, Emaar, Habtoor Leighton, Intel, Jacobs Engineering, Shell and many more.<br> If none of our current jobs match your experience, email your CV/Resume to cv@jobcontax.com, and we will contact you when relevalant jobs open.",,,,,,,,,
"68","procurement-supply-chain-jobs",,"Procurement Jobs | Procurement Jobs Ireland | JobContax"," JobContax Recruitment - Procurement Jobs in Ireland and worldwide. To Apply for Procurement Jobs visit our website or call +353-1-7978787","Procurement Jobs, Procurement Jobs Ireland",,"JobContax is a technical recruitment agency which specialises in Procurement - Supply Chain Jobs.<br> JobContax recruits for leading EPCm's, engineering companies, contractors, developers and consulting engineers in Ireland, UK, Europe, UAE, Qatar, Saudi Arabia, Egypt, Canada, Australia, China and India.<br> Clients include Amec, BHP Billiton, Carillion, Emaar, Habtoor Leighton, Intel, Jacobs Engineering, Shell and many more.<br> If none of our current jobs match your experience, email your CV/Resume to cv@jobcontax.com, and we will contact you when relevalant jobs open.",,,,,,,,,
"69","production-engineer-jobs",,"Production Engineer Jobs | Production  Jobs | JobContax"," JobContax Recruitment - Production Engineer Jobs in Ireland and worldwide. To Apply for Production Engineer Jobs visit our website or call +353-1-7978788","Production Engineer Jobs, Production  Jobs",,"JobContax is a technical recruitment agency which specialises in Production Engineer Jobs.<br> JobContax recruits for leading EPCm's, engineering companies, contractors, developers and consulting engineers in Ireland, UK, Europe, UAE, Qatar, Saudi Arabia, Egypt, Canada, Australia, China and India.<br> Clients include Amec, BHP Billiton, Carillion, Emaar, Habtoor Leighton, Intel, Jacobs Engineering, Shell and many more.<br> If none of our current jobs match your experience, email your CV/Resume to cv@jobcontax.com, and we will contact you when relevalant jobs open.",,,,,,,,,
"70","project-controls-jobs",,"Project Controls Jobs | Controls Jobs | JobContax"," JobContax Recruitment - Project Controls Jobs in Ireland and worldwide. To Apply for Project Controls Jobs visit our website or call +353-1-7978789","Project Controls Jobs, Controls Jobs",,"JobContax is a technical recruitment agency which specialises in Project Controls Jobs.<br> JobContax recruits for leading EPCm's, engineering companies, contractors, developers and consulting engineers in Ireland, UK, Europe, UAE, Qatar, Saudi Arabia, Egypt, Canada, Australia, China and India.<br> Clients include Amec, BHP Billiton, Carillion, Emaar, Habtoor Leighton, Intel, Jacobs Engineering, Shell and many more.<br> If none of our current jobs match your experience, email your CV/Resume to cv@jobcontax.com, and we will contact you when relevalant jobs open.",,,,,,,,,
"71","project-engineer-jobs",,"Project Engineer Jobs | Project Engineering Jobs | JobContax"," JobContax Recruitment - Project Engineer Jobs in Ireland and worldwide. To Apply for Project Engineer Jobs visit our website or call +353-1-7978790","Project Engineer Jobs, Project Engineering Jobs",,"JobContax is a technical recruitment agency which specialises in Project Engineer Jobs.<br> JobContax recruits for leading EPCm's, engineering companies, contractors, developers and consulting engineers in Ireland, UK, Europe, UAE, Qatar, Saudi Arabia, Egypt, Canada, Australia, China and India.<br> Clients include Amec, BHP Billiton, Carillion, Emaar, Habtoor Leighton, Intel, Jacobs Engineering, Shell and many more.<br> If none of our current jobs match your experience, email your CV/Resume to cv@jobcontax.com, and we will contact you when relevalant jobs open.",,,,,,,,,
"72","project-manager-jobs",,"Project Manager Jobs | PM Jobs Ireland | JobContax"," JobContax Recruitment - Project Manager Jobs in Ireland and worldwide. To Apply for Project Manager Jobs visit our website or call +353-1-7978791","Project Manager Jobs, PM Jobs Ireland",,"JobContax is a technical recruitment agency which specialises in Project Manager Jobs.<br> JobContax recruits for leading EPCm's, engineering companies, contractors, developers and consulting engineers in Ireland, UK, Europe, UAE, Qatar, Saudi Arabia, Egypt, Canada, Australia, China and India.<br> Clients include Amec, BHP Billiton, Carillion, Emaar, Habtoor Leighton, Intel, Jacobs Engineering, Shell and many more.<br> If none of our current jobs match your experience, email your CV/Resume to cv@jobcontax.com, and we will contact you when relevalant jobs open.",,,,,,,,,
"73","qa-qc-analyst-jobs",,"QA Analyst Jobs  | Quality Assurance Analyst Jobs | JobContax"," JobContax Recruitment - QA Analyst Jobs in Ireland and worldwide. To Apply for QA Analyst Jobs visit our website or call +353-1-7978792","QA Analyst Jobs , Quality Assurance Analyst Jobs",,"JobContax is a technical recruitment agency which specialises in QA - QC Analyst Jobs.<br> JobContax recruits for leading global multinationals, EPCm consultancies and startups, in Ireland, UK, Europe, Canada, Australia, China and India.<br> Clients include: Amgen, Coca Cola, Diageo, Genzyme, GSK, Intel, Jacobs Engineering, J&J, Novartis, Pfizer and many more.<br> If none of our current jobs match your experience, email your CV/Resume to cv@jobcontax.com, and we will contact you when relevalant jobs open.",,,,,,,,,
"74","qa-qc-chemist-jobs",,"QA Chemistry Jobs | QA Chemist Jobs Ireland | JobContax"," JobContax Recruitment - QA Chemistry Jobs in Ireland and worldwide. To Apply for QA Chemistry Jobs visit our website or call +353-1-7978793","QA Chemistry Jobs, QA Chemist Jobs Ireland",,"JobContax is a technical recruitment agency which specialises in QA - QC Chemist Jobs.<br> JobContax recruits for leading global multinationals, EPCm consultancies and startups, in Ireland, UK, Europe, Canada, Australia, China and India.<br> Clients include: Amgen, Coca Cola, Diageo, Genzyme, GSK, Intel, Jacobs Engineering, J&J, Novartis, Pfizer and many more.<br> If none of our current jobs match your experience, email your CV/Resume to cv@jobcontax.com, and we will contact you when relevalant jobs open.",,,,,,,,,
"75","qa-qc-microbiology-jobs",,"QA Microbiology Jobs | QA Microbiology Jobs Ireland | JobContax"," JobContax Recruitment - QA Microbiology Jobs in Ireland and worldwide. To Apply for QA Microbiology Jobs visit our website or call +353-1-7978794","QA Microbiology Jobs, QA Microbiology Jobs Ireland",,"JobContax is a technical recruitment agency which specialises in QA - QC Microbiology Jobs.<br> JobContax recruits for leading global multinationals, EPCm consultancies and startups, in Ireland, UK, Europe, Canada, Australia, China and India.<br> Clients include: Amgen, Coca Cola, Diageo, Genzyme, GSK, Intel, Jacobs Engineering, J&J, Novartis, Pfizer and many more.<br> If none of our current jobs match your experience, email your CV/Resume to cv@jobcontax.com, and we will contact you when relevalant jobs open.",,,,,,,,,
"76","qualified-person-qp-jobs",,"Qualified Person Jobs | QP Jobs Ireland | JobContax"," JobContax Recruitment - Qualified Person Jobs in Ireland and worldwide. To Apply for Qualified Person Jobs visit our website or call +353-1-7978795","Qualified Person Jobs, QP Jobs Ireland",,"JobContax is a technical recruitment agency which specialises in Qualified Person - QP Jobs.<br> JobContax recruits for leading global multinationals, EPCm consultancies and startups, in Ireland, UK, Europe, Canada, Australia, China and India.<br> Clients include: Amgen, Coca Cola, Diageo, Genzyme, GSK, Intel, Jacobs Engineering, J&J, Novartis, Pfizer and many more.<br> If none of our current jobs match your experience, email your CV/Resume to cv@jobcontax.com, and we will contact you when relevalant jobs open.",,,,,,,,,
"77","quality-assurance-qa-jobs",,"Quality Assurance Jobs | QA Jobs Ireland | JobContax"," JobContax Recruitment - Quality Assurance Jobs in Ireland and worldwide. To Apply for Quality Assurance Jobs visit our website or call +353-1-7978796","Quality Assurance Jobs, QA Jobs Ireland",,"JobContax is a technical recruitment agency which specialises in Quality Assurance - QA Jobs.<br> JobContax recruits for leading global multinationals, EPCm consultancies and startups, in Ireland, UK, Europe, Canada, Australia, China and India.<br> Clients include: Amgen, Coca Cola, Diageo, Genzyme, GSK, Intel, Jacobs Engineering, J&J, Novartis, Pfizer and many more.<br> If none of our current jobs match your experience, email your CV/Resume to cv@jobcontax.com, and we will contact you when relevalant jobs open.",,,,,,,,,
"78","quality-control-qc-jobs",,"Quality Control Jobs | Qc Jobs Ireland | JobContax"," JobContax Recruitment - Quality Control Jobs in Ireland and worldwide. To Apply for Quality Control Jobs visit our website or call +353-1-7978797","Quality Control Jobs, Qc Jobs Ireland",,"JobContax is a technical recruitment agency which specialises in Quality Control - QC Jobs.<br> JobContax recruits for leading global multinationals, EPCm consultancies and startups, in Ireland, UK, Europe, Canada, Australia, China and India.<br> Clients include: Amgen, Coca Cola, Diageo, Genzyme, GSK, Intel, Jacobs Engineering, J&J, Novartis, Pfizer and many more.<br> If none of our current jobs match your experience, email your CV/Resume to cv@jobcontax.com, and we will contact you when relevalant jobs open.",,,,,,,,,
"79","quality-engineer-jobs",,"Quality Engineer Jobs | Quality Engineering Jobs | JobContax"," JobContax Recruitment - Quality Engineer Jobs in Ireland and worldwide. To Apply for Quality Engineer Jobs visit our website or call +353-1-7978798","Quality Engineer Jobs, Quality Engineering Jobs",,"JobContax is a technical recruitment agency which specialises in Quality Engineer Jobs.<br> JobContax recruits for leading global multinationals, EPCm consultancies and startups, in Ireland, UK, Europe, Canada, Australia, China and India.<br> Clients include Amec, BHP Billiton, Carillion, Emaar, Habtoor Leighton, Intel, Jacobs Engineering, Shell and many more.<br> If none of our current jobs match your experience, email your CV/Resume to cv@jobcontax.com, and we will contact you when relevalant jobs open.",,,,,,,,,
"80","quantity-surveyor-qs-jobs",,"Quantity Surveyor Jobs | QS Jobs | PQS Jobs | JobContax"," JobContax Recruitment - Quantity Surveyor Jobs in Ireland and worldwide. To Apply for Quantity Surveyor Jobs visit our website or call +353-1-7978799","Quantity Surveyor Jobs, QS Jobs, PQS Jobs",,"JobContax is a technical recruitment agency which specialises in Quantity Surveyor - QS Jobs.<br> JobContax recruits for leading EPCm's, engineering companies, contractors, developers and consulting engineers in Ireland, UK, Europe, UAE, Qatar, Saudi Arabia, Egypt, Canada, Australia, China and India.<br> Clients include Amec, BHP Billiton, Carillion, Emaar, Habtoor Leighton, Intel, Jacobs Engineering, Shell and many more.<br> If none of our current jobs match your experience, email your CV/Resume to cv@jobcontax.com, and we will contact you when relevalant jobs open.",,,,,,,,,
"81","rail-railway-jobs",,"Rail Jobs | Railway Jobs | Rail Jobs Ireland | JobContax"," JobContax Recruitment - Rail Jobs in Ireland and worldwide. To Apply for Rail Jobs visit our website or call +353-1-7978800","Rail Jobs, Railway Jobs, Rail Jobs Ireland",,"JobContax is a technical recruitment agency which specialises in Rail Jobs.<br> JobContax recruits for leading EPCm's, engineering companies, contractors, developers and consulting engineers in Ireland, UK, Europe, UAE, Qatar, Saudi Arabia, Egypt, Canada, Australia, China and India.<br> Clients include Amec, BHP Billiton, Carillion, Emaar, Habtoor Leighton, Intel, Jacobs Engineering, Shell and many more.<br> If none of our current jobs match your experience, email your CV/Resume to cv@jobcontax.com, and we will contact you when relevalant jobs open.",,,,,,,,,
"82","rd-research-jobs",,"R&D Jobs | Research Development Jobs | JobContax"," JobContax Recruitment - R&D Jobs in Ireland and worldwide. To Apply for R&D Jobs visit our website or call +353-1-7978801","R&D Jobs, Research Development Jobs",,"JobContax is a technical recruitment agency which specialises in R&D - Research Jobs.<br> JobContax recruits for leading global multinationals, EPCm consultancies and startups, in Ireland, UK, Europe, Canada, Australia, China and India.<br> Clients include: Amgen, Coca Cola, Diageo, Genzyme, GSK, Intel, Jacobs Engineering, J&J, Novartis, Pfizer and many more.<br> If none of our current jobs match your experience, email your CV/Resume to cv@jobcontax.com, and we will contact you when relevalant jobs open.",,,,,,,,,
"83","regulatory-affairs-jobs",,"Regulatory Affairs Jobs | Regulatory Jobs | JobContax"," JobContax Recruitment - Regulatory Affairs Jobs in Ireland and worldwide. To Apply for Regulatory Affairs Jobs visit our website or call +353-1-7978802","Regulatory Affairs Jobs, Regulatory Jobs",,"JobContax is a technical recruitment agency which specialises in Regulatory Affairs Jobs.<br> JobContax recruits for leading global multinationals, EPCm consultancies and startups, in Ireland, UK, Europe, Canada, Australia, China and India.<br> Clients include: Amgen, Coca Cola, Diageo, Genzyme, GSK, Intel, Jacobs Engineering, J&J, Novartis, Pfizer and many more.<br> If none of our current jobs match your experience, email your CV/Resume to cv@jobcontax.com, and we will contact you when relevalant jobs open.",,,,,,,,,
"84","road-highway-jobs",,"Road Jobs | Highway Jobs | Motorway Jobs | JobContax"," JobContax Recruitment - Road Jobs in Ireland and worldwide. To Apply for Road Jobs visit our website or call +353-1-7978803","Road Jobs, Highway Jobs, Motorway Jobs",,"JobContax is a technical recruitment agency which specialises in Road Highway Jobs.<br> JobContax recruits for leading EPCm's, engineering companies, contractors, developers and consulting engineers in Ireland, UK, Europe, UAE, Qatar, Saudi Arabia, Egypt, Canada, Australia, China and India.<br> Clients include Amec, BHP Billiton, Carillion, Emaar, Habtoor Leighton, Intel, Jacobs Engineering, Shell and many more.<br> If none of our current jobs match your experience, email your CV/Resume to cv@jobcontax.com, and we will contact you when relevalant jobs open.",,,,,,,,,
"85","sales-jobs",,"Sales Jobs | Sales Representative Jobs | JobContax"," JobContax Recruitment - Sales Jobs in Ireland and worldwide. To Apply for Sales Jobs visit our website or call +353-1-7978804","Sales Jobs, Sales Representative Jobs",,"JobContax is a technical recruitment agency which specialises in Sales Jobs.<br> JobContax recruits for leading EPCm's, engineering companies, contractors, developers and consulting engineers in Ireland, UK, Europe, UAE, Qatar, Saudi Arabia, Egypt, Canada, Australia, China and India.<br> Clients include Amec, BHP Billiton, Carillion, Emaar, Habtoor Leighton, Intel, Jacobs Engineering, Shell and many more.<br> If none of our current jobs match your experience, email your CV/Resume to cv@jobcontax.com, and we will contact you when relevalant jobs open.",,,,,,,,,
"86","scada-plc-jobs",,"SCADA Jobs | SCADA Jobs Ireland | PLC Jobs | JobContax"," JobContax Recruitment - SCADA Jobs in Ireland and worldwide. To Apply for SCADA Jobs visit our website or call +353-1-7978805","SCADA Jobs, SCADA Jobs Ireland, PLC Jobs",,"JobContax is a technical recruitment agency which specialises in Scada - PLC Jobs.<br> JobContax recruits for leading global multinationals, EPCm consultancies and startups, in Ireland, UK, Europe, Canada, Australia, China and India.<br> Clients include: Amgen, Coca Cola, Diageo, Genzyme, GSK, Intel, Jacobs Engineering, J&J, Novartis, Pfizer and many more.<br> If none of our current jobs match your experience, email your CV/Resume to cv@jobcontax.com, and we will contact you when relevalant jobs open.",,,,,,,,,
"87","scientist-jobs",,"Scientist Jobs | Scientist Jobs Ireland | JobContax"," JobContax Recruitment - Scientist Jobs in Ireland and worldwide. To Apply for Scientist Jobs visit our website or call +353-1-7978806","Scientist Jobs, Scientist Jobs Ireland",,"JobContax is a technical recruitment agency which specialises in Scientist Jobs.<br> JobContax recruits for leading global multinationals, EPCm consultancies and startups, in Ireland, UK, Europe, Canada, Australia, China and India.<br> Clients include: Amgen, Coca Cola, Diageo, Genzyme, GSK, Intel, Jacobs Engineering, J&J, Novartis, Pfizer and many more.<br> If none of our current jobs match your experience, email your CV/Resume to cv@jobcontax.com, and we will contact you when relevalant jobs open.",,,,,,,,,
"88","siemens-s7-s5-jobs",,"Siemens S7 S5 Jobs | Siemens S7 S5 Jobs Ireland | JobContax"," JobContax Recruitment - Siemens S7 S5 Jobs in Ireland and worldwide. To Apply for Siemens S7 S5 Jobs visit our website or call +353-1-7978807","Siemens S7 S5 Jobs, Siemens S7 S5 Jobs Ireland",,"JobContax is a technical recruitment agency which specialises in Siemens S7 S5 Jobs.<br> JobContax recruits for leading global multinationals, EPCm consultancies and startups, in Ireland, UK, Europe, Canada, Australia, China and India.<br> Clients include: Amgen, Coca Cola, Diageo, Genzyme, GSK, Intel, Jacobs Engineering, J&J, Novartis, Pfizer and many more.<br> If none of our current jobs match your experience, email your CV/Resume to cv@jobcontax.com, and we will contact you when relevalant jobs open.",,,,,,,,,
"89","site-engineer-jobs",,"Site Engineer Jobs | Construction Site Engineer Jobs | JobContax"," JobContax Recruitment - Site Engineer Jobs in Ireland and worldwide. To Apply for Site Engineer Jobs visit our website or call +353-1-7978808","Site Engineer Jobs, Construction Site Engineer Jobs",,"JobContax is a technical recruitment agency which specialises in Site Engineer Jobs.<br> JobContax recruits for leading EPCm's, engineering companies, contractors, developers and consulting engineers in Ireland, UK, Europe, UAE, Qatar, Saudi Arabia, Egypt, Canada, Australia, China and India.<br> Clients include Amec, BHP Billiton, Carillion, Emaar, Habtoor Leighton, Intel, Jacobs Engineering, Shell and many more.<br> If none of our current jobs match your experience, email your CV/Resume to cv@jobcontax.com, and we will contact you when relevalant jobs open.",,,,,,,,,
"90","site-manager-jobs",,"Construction Site Manager Jobs | Site Manager Jobs | JobContax"," JobContax Recruitment - Construction Site Manager Jobs in Ireland and worldwide. To Apply for Construction Site Manager Jobs visit our website or call +353-1-7978809","Construction Site Manager Jobs, Site Manager Jobs",,"JobContax is a technical recruitment agency which specialises in Site Manager Jobs.<br> JobContax recruits for leading EPCm's, engineering companies, contractors, developers and consulting engineers in Ireland, UK, Europe, UAE, Qatar, Saudi Arabia, Egypt, Canada, Australia, China and India.<br> Clients include Amec, BHP Billiton, Carillion, Emaar, Habtoor Leighton, Intel, Jacobs Engineering, Shell and many more.<br> If none of our current jobs match your experience, email your CV/Resume to cv@jobcontax.com, and we will contact you when relevalant jobs open.",,,,,,,,,
"91","steel-detailer-draughtsman-jobs",,"Steel Detailer Jobs | Steel Draughtsman Jobs | JobContax"," JobContax Recruitment - Steel Detailer Jobs in Ireland and worldwide. To Apply for Steel Detailer Jobs visit our website or call +353-1-7978810","Steel Detailer Jobs, Steel Draughtsman Jobs",,"JobContax is a technical recruitment agency which specialises in Steel Detailer - Draughtsman Jobs.<br> JobContax recruits for leading EPCm's, engineering companies, contractors, developers and consulting engineers in Ireland, UK, Europe, UAE, Qatar, Saudi Arabia, Egypt, Canada, Australia, China and India.<br> Clients include Amec, BHP Billiton, Carillion, Emaar, Habtoor Leighton, Intel, Jacobs Engineering, Shell and many more.<br> If none of our current jobs match your experience, email your CV/Resume to cv@jobcontax.com, and we will contact you when relevalant jobs open.",,,,,,,,,
"92","structural-engineer-jobs",,"Structural Engineer Jobs | Structural Jobs | JobContax"," JobContax Recruitment - Structural Engineer Jobs in Ireland and worldwide. To Apply for Structural Engineer Jobs visit our website or call +353-1-7978811","Structural Engineer Jobs, Structural Jobs",,"JobContax is a technical recruitment agency which specialises in Structural Engineer Jobs.<br> JobContax recruits for leading EPCm's, engineering companies, contractors, developers and consulting engineers in Ireland, UK, Europe, UAE, Qatar, Saudi Arabia, Egypt, Canada, Australia, China and India.<br> Clients include Amec, BHP Billiton, Carillion, Emaar, Habtoor Leighton, Intel, Jacobs Engineering, Shell and many more.<br> If none of our current jobs match your experience, email your CV/Resume to cv@jobcontax.com, and we will contact you when relevalant jobs open.",,,,,,,,,
"93","structural-steel-jobs",,"Structural Steel Jobs | Steel Jobs | JobContax"," JobContax Recruitment - Structural Steel Jobs in Ireland and worldwide. To Apply for Structural Steel Jobs visit our website or call +353-1-7978812","Structural Steel Jobs, Steel Jobs",,"JobContax is a technical recruitment agency which specialises in Structural Steel Jobs.<br> JobContax recruits for leading EPCm's, engineering companies, contractors, developers and consulting engineers in Ireland, UK, Europe, UAE, Qatar, Saudi Arabia, Egypt, Canada, Australia, China and India.<br> Clients include Amec, BHP Billiton, Carillion, Emaar, Habtoor Leighton, Intel, Jacobs Engineering, Shell and many more.<br> If none of our current jobs match your experience, email your CV/Resume to cv@jobcontax.com, and we will contact you when relevalant jobs open.",,,,,,,,,
"94","technical-writer-jobs",,"Technical Writer Jobs | Technical Analyst Jobs | JobContax"," JobContax Recruitment - Technical Writer Jobs in Ireland and worldwide. To Apply for Technical Writer Jobs visit our website or call +353-1-7978813","Technical Writer Jobs, Technical Analyst Jobs",,"JobContax is a technical recruitment agency which specialises in Technical Writer Jobs.<br> JobContax recruits for leading global multinationals, EPCm consultancies and startups, in Ireland, UK, Europe, Canada, Australia, China and India.<br> Clients include Amec, BHP Billiton, Carillion, Emaar, Habtoor Leighton, Intel, Jacobs Engineering, Shell and many more.<br> If none of our current jobs match your experience, email your CV/Resume to cv@jobcontax.com, and we will contact you when relevalant jobs open.",,,,,,,,,
"95","tekla-jobs",,"Tekla Jobs | Tekla Detailer Jobs | JobContax"," JobContax Recruitment - Tekla Jobs in Ireland and worldwide. To Apply for Tekla Jobs visit our website or call +353-1-7978814","Tekla Jobs, Tekla Detailer Jobs",,"JobContax is a technical recruitment agency which specialises in Tekla Jobs.<br> JobContax recruits for leading EPCm's, engineering companies, contractors, developers and consulting engineers in Ireland, UK, Europe, UAE, Qatar, Saudi Arabia, Egypt, Canada, Australia, China and India.<br> Clients include Amec, BHP Billiton, Carillion, Emaar, Habtoor Leighton, Intel, Jacobs Engineering, Shell and many more.<br> If none of our current jobs match your experience, email your CV/Resume to cv@jobcontax.com, and we will contact you when relevalant jobs open.",,,,,,,,,
"96","trades-jobs",,"Trades Jobs | Electrician Jobs | Welder Jobs | JobContax"," JobContax Recruitment - Trades Jobs in Ireland and worldwide. To Apply for Trades Jobs visit our website or call +353-1-7978815","Trades Jobs, Electrician Jobs, Welder Jobs",,"JobContax is a technical recruitment agency which specialises in Trades Jobs.<br> JobContax recruits for leading EPCm's, engineering companies, contractors, developers and consulting engineers in Ireland, UK, Europe, UAE, Qatar, Saudi Arabia, Egypt, Canada, Australia, China and India.<br> Clients include Amec, BHP Billiton, Carillion, Emaar, Habtoor Leighton, Intel, Jacobs Engineering, Shell and many more.<br> If none of our current jobs match your experience, email your CV/Resume to cv@jobcontax.com, and we will contact you when relevalant jobs open.",,,,,,,,,
"97","transmission-lineman-jobs",,"Transmission Linesman Jobs  | Transmission Jobs | JobContax"," JobContax Recruitment - Transmission Linesman Jobs in Ireland and worldwide. To Apply for Transmission Linesman Jobs visit our website or call +353-1-7978816","Transmission Linesman Jobs , Transmission Jobs",,"JobContax is a technical recruitment agency which specialises in Transmission Lineman Jobs.<br> JobContax recruits for leading EPCm's, engineering companies, contractors, developers and consulting engineers in Ireland, UK, Europe, UAE, Qatar, Saudi Arabia, Egypt, Canada, Australia, China and India.<br> Clients include Amec, BHP Billiton, Carillion, Emaar, Habtoor Leighton, Intel, Jacobs Engineering, Shell and many more.<br> If none of our current jobs match your experience, email your CV/Resume to cv@jobcontax.com, and we will contact you when relevalant jobs open.",,,,,,,,,
"98","tunnel-jobs",,"Tunnel Jobs | Tunnelling Jobs | JobContax"," JobContax Recruitment - Tunnel Jobs in Ireland and worldwide. To Apply for Tunnel Jobs visit our website or call +353-1-7978817","Tunnel Jobs, Tunnelling Jobs",,"JobContax is a technical recruitment agency which specialises in Tunnel Jobs.<br> JobContax recruits for leading EPCm's, engineering companies, contractors, developers and consulting engineers in Ireland, UK, Europe, UAE, Qatar, Saudi Arabia, Egypt, Canada, Australia, China and India.<br> Clients include Amec, BHP Billiton, Carillion, Emaar, Habtoor Leighton, Intel, Jacobs Engineering, Shell and many more.<br> If none of our current jobs match your experience, email your CV/Resume to cv@jobcontax.com, and we will contact you when relevalant jobs open.",,,,,,,,,
"99","utilities-jobs",,"Utilities Jobs | Utilities Engineer Jobs | JobContax"," JobContax Recruitment - Utilities Jobs in Ireland and worldwide. To Apply for Utilities Jobs visit our website or call +353-1-7978818","Utilities Jobs, Utilities Engineer Jobs",,"JobContax is a technical recruitment agency which specialises in Utilities Jobs.<br> JobContax recruits for leading EPCm's, engineering companies, contractors, developers and consulting engineers in Ireland, UK, Europe, UAE, Qatar, Saudi Arabia, Egypt, Canada, Australia, China and India.<br> Clients include Amec, BHP Billiton, Carillion, Emaar, Habtoor Leighton, Intel, Jacobs Engineering, Shell and many more.<br> If none of our current jobs match your experience, email your CV/Resume to cv@jobcontax.com, and we will contact you when relevalant jobs open.",,,,,,,,,
"100","validation-engineer-jobs",,"Validation Engineer Jobs | Validation Jobs | JobContax"," JobContax Recruitment - Validation Engineer Jobs in Ireland and worldwide. To Apply for Validation Engineer Jobs visit our website or call +353-1-7978819","Validation Engineer Jobs, Validation Jobs",,"JobContax is a technical recruitment agency which specialises in Validation Engineer Jobs.<br> JobContax recruits for leading global multinationals, EPCm consultancies and startups, in Ireland, UK, Europe, Canada, Australia, China and India.<br> Clients include: Amgen, Coca Cola, Diageo, Genzyme, GSK, Intel, Jacobs Engineering, J&J, Novartis, Pfizer and many more.<br> If none of our current jobs match your experience, email your CV/Resume to cv@jobcontax.com, and we will contact you when relevalant jobs open.",,,,,,,,,
"101","water-wastewater-jobs",,"WasteWater Jobs | Water Jobs | Water Jobs Ireland | JobContax"," JobContax Recruitment - WasteWater Jobs in Ireland and worldwide. To Apply for WasteWater Jobs visit our website or call +353-1-7978820","WasteWater Jobs, Water Jobs, Water Jobs Ireland",,"JobContax is a technical recruitment agency which specialises in Water - WasteWater Jobs.<br> JobContax recruits for leading EPCm's, engineering companies, contractors, developers and consulting engineers in Ireland, UK, Europe, UAE, Qatar, Saudi Arabia, Egypt, Canada, Australia, China and India.<br> Clients include Amec, BHP Billiton, Carillion, Emaar, Habtoor Leighton, Intel, Jacobs Engineering, Shell and many more.<br> If none of our current jobs match your experience, email your CV/Resume to cv@jobcontax.com, and we will contact you when relevalant jobs open.",,,,,,,,,
